{
    "metrics": {
        "iterations": {
            "count": 1650,
            "rate": 2.7217261553441405
        },
        "http_req_blocked": {
            "min": 0.001058,
            "med": 0.006078,
            "max": 0.724217,
            "p(90)": 0.0104991,
            "p(95)": 0.011590099999999999,
            "avg": 0.007155638441558466
        },
        "http_req_sending": {
            "p(90)": 0.030929900000000003,
            "p(95)": 0.035659799999999985,
            "avg": 0.019261080086580094,
            "min": 0.003078,
            "med": 0.017022,
            "max": 0.636244
        },
        "http_req_receiving": {
            "max": 199.767869,
            "p(90)": 0.3337391,
            "p(95)": 0.5253256499999975,
            "avg": 0.6992776182683993,
            "min": 0.004005,
            "med": 0.079734
        },
        "vus_max": {
            "value": 25,
            "min": 25,
            "max": 25
        },
        "http_req_duration": {
            "p(95)": 75.72184389999997,
            "avg": 21.48767211454544,
            "min": 0.090226,
            "med": 1.1088635,
            "max": 2931.451813,
            "p(90)": 29.64344880000001
        },
        "http_req_connecting": {
            "min": 0,
            "med": 0,
            "max": 0.65329,
            "p(90)": 0,
            "p(95)": 0,
            "avg": 0.00034284372294372296
        },
        "data_received": {
            "count": 50289218,
            "rate": 82953.6242196384
        },
        "http_req_failed": {
            "passes": 6600,
            "fails": 4950,
            "value": 0.5714285714285714
        },
        "http_req_waiting": {
            "max": 2931.214318,
            "p(90)": 28.288575300000012,
            "p(95)": 72.45656044999993,
            "avg": 20.769133416190503,
            "min": 0.072622,
            "med": 1.005011
        },
        "http_req_duration{expected_response:true}": {
            "avg": 49.063454455555586,
            "min": 2.841026,
            "med": 10.2607765,
            "max": 2931.451813,
            "p(90)": 87.10466339999999,
            "p(95)": 169.5776524500001
        },
        "group_duration": {
            "min": 1000.16477,
            "med": 1011.2121835,
            "max": 3931.563535,
            "p(90)": 2001.3790699,
            "p(95)": 2001.6560222,
            "avg": 1307.8625236437208
        },
        "data_sent": {
            "rate": 3423.931503422929,
            "count": 2075700
        },
        "iteration_duration": {
            "med": 9058.101425,
            "max": 12214.23634,
            "p(90)": 9370.177648199999,
            "p(95)": 9679.532807649999,
            "avg": 9155.374072491508,
            "min": 9025.653006
        },
        "vus": {
            "value": 10,
            "min": 10,
            "max": 25
        },
        "http_req_tls_handshaking": {
            "med": 0,
            "max": 0,
            "p(90)": 0,
            "p(95)": 0,
            "avg": 0,
            "min": 0
        },
        "http_reqs": {
            "rate": 19.052083087408985,
            "count": 11550
        }
    },
    "root_group": {
        "id": "d41d8cd98f00b204e9800998ecf8427e",
        "groups": {
            "Visit homepage": {
                "name": "Visit homepage",
                "path": "::Visit homepage",
                "id": "fad1e6c0c5ed4fe1e395235b0e3dcc0b",
                "groups": {},
                "checks": {}
            },
            "Change currency": {
                "id": "aa52a91e451191a2b7105d86cfb01fc0",
                "groups": {},
                "checks": {},
                "name": "Change currency",
                "path": "::Change currency"
            },
            "Browse products": {
                "name": "Browse products",
                "path": "::Browse products",
                "id": "f45e069332b4857f63de9b1ca3f697fe",
                "groups": {},
                "checks": {}
            },
            "View a product": {
                "name": "View a product",
                "path": "::View a product",
                "id": "992a6671c627f7108d2895530fe677f7",
                "groups": {},
                "checks": {}
            },
            "Add to cart": {
                "path": "::Add to cart",
                "id": "0f1d4b13c85de4427f714b4a353019fa",
                "groups": {},
                "checks": {},
                "name": "Add to cart"
            },
            "View cart": {
                "id": "30ed069d2a9a41cd54bdc10408269e71",
                "groups": {},
                "checks": {},
                "name": "View cart",
                "path": "::View cart"
            },
            "Checkout": {
                "checks": {},
                "name": "Checkout",
                "path": "::Checkout",
                "id": "18269b63e1041a7cf6efa072538123bd",
                "groups": {}
            }
        },
        "checks": {},
        "name": "",
        "path": ""
    }
}