{
    "metrics": {
        "http_req_connecting": {
            "med": 0,
            "max": 0.255741,
            "p(90)": 0,
            "p(95)": 0,
            "avg": 0.00023318285714285712,
            "min": 0
        },
        "http_req_waiting": {
            "avg": 15.952200913679668,
            "min": 0.112745,
            "med": 1.044831,
            "max": 989.343356,
            "p(90)": 15.326248600000008,
            "p(95)": 59.33655524999997
        },
        "group_duration": {
            "avg": 1302.7608239211247,
            "min": 1000.196169,
            "med": 1010.496343,
            "max": 2008.317529,
            "p(90)": 2001.3608376,
            "p(95)": 2001.6410231
        },
        "http_req_failed": {
            "passes": 6600,
            "fails": 4950,
            "value": 0.5714285714285714
        },
        "http_req_blocked": {
            "avg": 0.00588790294372293,
            "min": 0.001001,
            "med": 0.00486,
            "max": 0.283677,
            "p(90)": 0.0094371,
            "p(95)": 0.011196099999999999
        },
        "data_received": {
            "count": 50289869,
            "rate": 83323.64544727956
        },
        "http_req_duration{expected_response:true}": {
            "min": 4.251645,
            "med": 9.805012999999999,
            "max": 989.548777,
            "p(90)": 86.97021770000003,
            "p(95)": 189.67719285000044,
            "avg": 37.4043805385858
        },
        "http_req_tls_handshaking": {
            "max": 0,
            "p(90)": 0,
            "p(95)": 0,
            "avg": 0,
            "min": 0,
            "med": 0
        },
        "vus": {
            "value": 2,
            "min": 2,
            "max": 25
        },
        "vus_max": {
            "max": 25,
            "value": 25,
            "min": 25
        },
        "http_req_duration": {
            "max": 989.548777,
            "p(90)": 15.743634200000002,
            "p(95)": 67.03282404999979,
            "avg": 16.411592244588714,
            "min": 0.128892,
            "med": 1.1293875
        },
        "iterations": {
            "count": 1650,
            "rate": 2.7338312411991224
        },
        "http_reqs": {
            "count": 11550,
            "rate": 19.136818688393856
        },
        "http_req_sending": {
            "avg": 0.016674242337662376,
            "min": 0.002763,
            "med": 0.012476,
            "max": 3.93617,
            "p(90)": 0.027578099999999998,
            "p(95)": 0.033409749999999995
        },
        "http_req_receiving": {
            "p(90)": 0.26351040000000003,
            "p(95)": 0.35462579999999994,
            "avg": 0.44271708857142844,
            "min": 0.003498,
            "med": 0.0507585,
            "max": 159.025424
        },
        "data_sent": {
            "count": 2075700,
            "rate": 3439.159701428496
        },
        "iteration_duration": {
            "max": 10011.445667,
            "p(90)": 9336.1801428,
            "p(95)": 9458.185477,
            "avg": 9119.608111339989,
            "min": 9021.120921,
            "med": 9042.244275000001
        }
    },
    "root_group": {
        "name": "",
        "path": "",
        "id": "d41d8cd98f00b204e9800998ecf8427e",
        "groups": {
            "Visit homepage": {
                "name": "Visit homepage",
                "path": "::Visit homepage",
                "id": "fad1e6c0c5ed4fe1e395235b0e3dcc0b",
                "groups": {},
                "checks": {}
            },
            "Change currency": {
                "name": "Change currency",
                "path": "::Change currency",
                "id": "aa52a91e451191a2b7105d86cfb01fc0",
                "groups": {},
                "checks": {}
            },
            "Browse products": {
                "name": "Browse products",
                "path": "::Browse products",
                "id": "f45e069332b4857f63de9b1ca3f697fe",
                "groups": {},
                "checks": {}
            },
            "View a product": {
                "path": "::View a product",
                "id": "992a6671c627f7108d2895530fe677f7",
                "groups": {},
                "checks": {},
                "name": "View a product"
            },
            "Add to cart": {
                "name": "Add to cart",
                "path": "::Add to cart",
                "id": "0f1d4b13c85de4427f714b4a353019fa",
                "groups": {},
                "checks": {}
            },
            "View cart": {
                "name": "View cart",
                "path": "::View cart",
                "id": "30ed069d2a9a41cd54bdc10408269e71",
                "groups": {},
                "checks": {}
            },
            "Checkout": {
                "name": "Checkout",
                "path": "::Checkout",
                "id": "18269b63e1041a7cf6efa072538123bd",
                "groups": {},
                "checks": {}
            }
        },
        "checks": {}
    }
}