{
    "metrics": {
        "data_received": {
            "count": 234629868,
            "rate": 322581.50705201173
        },
        "http_req_duration{expected_response:true}": {
            "p(95)": 556.9194750999999,
            "avg": 131.9877808275743,
            "min": 2.703908,
            "med": 19.914407,
            "max": 1665.581004,
            "p(90)": 398.44586350000003
        },
        "http_req_sending": {
            "avg": 0.01660982424006251,
            "min": 0.002987,
            "med": 0.012316,
            "max": 2.850325,
            "p(90)": 0.028439,
            "p(95)": 0.033244
        },
        "http_req_waiting": {
            "avg": 60.61659558137532,
            "min": 0.062969,
            "med": 4.1293705,
            "max": 1568.99426,
            "p(90)": 198.5121575,
            "p(95)": 356.8116405
        },
        "group_duration": {
            "p(95)": 2019.2976987499999,
            "avg": 1349.514373684724,
            "min": 1000.123373,
            "med": 1060.4604725,
            "max": 2665.741507,
            "p(90)": 2001.449661
        },
        "iterations": {
            "rate": 10.58361606923116,
            "count": 7698
        },
        "http_req_connecting": {
            "max": 3.033422,
            "p(90)": 0,
            "p(95)": 0,
            "avg": 0.00047105702779942806,
            "min": 0,
            "med": 0
        },
        "http_req_tls_handshaking": {
            "avg": 0,
            "min": 0,
            "med": 0,
            "max": 0,
            "p(90)": 0,
            "p(95)": 0
        },
        "iteration_duration": {
            "p(90)": 9996.484095400001,
            "p(95)": 10194.87960645,
            "avg": 9446.877238664603,
            "min": 9014.470145,
            "med": 9343.991038,
            "max": 11601.698941
        },
        "data_sent": {
            "count": 8983566,
            "rate": 12351.079952792765
        },
        "http_req_blocked": {
            "p(95)": 0.010848,
            "avg": 0.006222084326170057,
            "min": 0.001079,
            "med": 0.004437,
            "max": 3.115689,
            "p(90)": 0.00961
        },
        "http_req_receiving": {
            "p(95)": 0.88272025,
            "avg": 2.579763394629382,
            "min": 0.003888,
            "med": 0.0749585,
            "max": 399.809222,
            "p(90)": 0.40510250000000003
        },
        "vus": {
            "max": 200,
            "value": 1,
            "min": 0
        },
        "vus_max": {
            "value": 200,
            "min": 200,
            "max": 200
        },
        "http_req_duration": {
            "avg": 63.21296880024497,
            "min": 0.077799,
            "med": 4.3109485,
            "max": 1665.581004,
            "p(90)": 200.178149,
            "p(95)": 367.82308275
        },
        "http_req_failed": {
            "passes": 30792,
            "fails": 23094,
            "value": 0.5714285714285714
        },
        "http_reqs": {
            "count": 53886,
            "rate": 74.08531248461813
        }
    },
    "root_group": {
        "groups": {
            "Visit homepage": {
                "groups": {},
                "checks": {},
                "name": "Visit homepage",
                "path": "::Visit homepage",
                "id": "fad1e6c0c5ed4fe1e395235b0e3dcc0b"
            },
            "Change currency": {
                "checks": {},
                "name": "Change currency",
                "path": "::Change currency",
                "id": "aa52a91e451191a2b7105d86cfb01fc0",
                "groups": {}
            },
            "Browse products": {
                "name": "Browse products",
                "path": "::Browse products",
                "id": "f45e069332b4857f63de9b1ca3f697fe",
                "groups": {},
                "checks": {}
            },
            "View a product": {
                "path": "::View a product",
                "id": "992a6671c627f7108d2895530fe677f7",
                "groups": {},
                "checks": {},
                "name": "View a product"
            },
            "Add to cart": {
                "id": "0f1d4b13c85de4427f714b4a353019fa",
                "groups": {},
                "checks": {},
                "name": "Add to cart",
                "path": "::Add to cart"
            },
            "View cart": {
                "checks": {},
                "name": "View cart",
                "path": "::View cart",
                "id": "30ed069d2a9a41cd54bdc10408269e71",
                "groups": {}
            },
            "Checkout": {
                "name": "Checkout",
                "path": "::Checkout",
                "id": "18269b63e1041a7cf6efa072538123bd",
                "groups": {},
                "checks": {}
            }
        },
        "checks": {},
        "name": "",
        "path": "",
        "id": "d41d8cd98f00b204e9800998ecf8427e"
    }
}