{
    "metrics": {
        "http_req_connecting": {
            "avg": 0.0007033751007252216,
            "min": 0,
            "med": 0,
            "max": 0.416051,
            "p(90)": 0,
            "p(95)": 0
        },
        "http_req_failed": {
            "passes": 29784,
            "fails": 22338,
            "value": 0.5714285714285714
        },
        "group_duration": {
            "p(90)": 2001.8357928,
            "p(95)": 2047.51343135,
            "avg": 1395.5323587444022,
            "min": 1000.125799,
            "med": 1097.042117,
            "max": 7199.575618
        },
        "data_sent": {
            "count": 9367068,
            "rate": 12936.786980049073
        },
        "http_req_duration": {
            "p(90)": 347.06119250000006,
            "p(95)": 604.0782598,
            "avg": 109.20194898323082,
            "min": 0.085874,
            "med": 4.7972855,
            "max": 6199.34967
        },
        "data_received": {
            "count": 226935157,
            "rate": 313418.43407061766
        },
        "http_reqs": {
            "count": 52122,
            "rate": 71.9853011608454
        },
        "iteration_duration": {
            "med": 9507.411451,
            "max": 17203.785664,
            "p(90)": 10754.250798500001,
            "p(95)": 11205.078832250001,
            "avg": 9769.03699419487,
            "min": 9021.168634
        },
        "iterations": {
            "count": 7446,
            "rate": 10.283614451549342
        },
        "http_req_blocked": {
            "avg": 0.0071781232684854255,
            "min": 0.001109,
            "med": 0.005155,
            "max": 1.965131,
            "p(90)": 0.010142900000000002,
            "p(95)": 0.011431949999999996
        },
        "http_req_sending": {
            "max": 2.203646,
            "p(90)": 0.0303169,
            "p(95)": 0.035689,
            "avg": 0.019058590595141988,
            "min": 0.003029,
            "med": 0.0146185
        },
        "vus": {
            "min": 0,
            "max": 200,
            "value": 3
        },
        "http_req_waiting": {
            "min": 0.07192,
            "med": 4.610549000000001,
            "max": 6198.479086,
            "p(90)": 306.00123240000005,
            "p(95)": 596.3915957999999,
            "avg": 104.13599917044682
        },
        "http_req_duration{expected_response:true}": {
            "max": 6199.34967,
            "p(90)": 695.8672436,
            "p(95)": 947.1325906999999,
            "avg": 234.95205215574256,
            "min": 2.729537,
            "med": 73.761446
        },
        "http_req_tls_handshaking": {
            "avg": 0,
            "min": 0,
            "med": 0,
            "max": 0,
            "p(90)": 0,
            "p(95)": 0
        },
        "http_req_receiving": {
            "min": 0.003843,
            "med": 0.0763505,
            "max": 849.670328,
            "p(90)": 0.630117800000001,
            "p(95)": 40.38343634999999,
            "avg": 5.046891222190259
        },
        "vus_max": {
            "value": 200,
            "min": 200,
            "max": 200
        }
    },
    "root_group": {
        "name": "",
        "path": "",
        "id": "d41d8cd98f00b204e9800998ecf8427e",
        "groups": {
            "Visit homepage": {
                "name": "Visit homepage",
                "path": "::Visit homepage",
                "id": "fad1e6c0c5ed4fe1e395235b0e3dcc0b",
                "groups": {},
                "checks": {}
            },
            "Change currency": {
                "name": "Change currency",
                "path": "::Change currency",
                "id": "aa52a91e451191a2b7105d86cfb01fc0",
                "groups": {},
                "checks": {}
            },
            "Browse products": {
                "groups": {},
                "checks": {},
                "name": "Browse products",
                "path": "::Browse products",
                "id": "f45e069332b4857f63de9b1ca3f697fe"
            },
            "View a product": {
                "path": "::View a product",
                "id": "992a6671c627f7108d2895530fe677f7",
                "groups": {},
                "checks": {},
                "name": "View a product"
            },
            "Add to cart": {
                "name": "Add to cart",
                "path": "::Add to cart",
                "id": "0f1d4b13c85de4427f714b4a353019fa",
                "groups": {},
                "checks": {}
            },
            "View cart": {
                "id": "30ed069d2a9a41cd54bdc10408269e71",
                "groups": {},
                "checks": {},
                "name": "View cart",
                "path": "::View cart"
            },
            "Checkout": {
                "groups": {},
                "checks": {},
                "name": "Checkout",
                "path": "::Checkout",
                "id": "18269b63e1041a7cf6efa072538123bd"
            }
        },
        "checks": {}
    }
}