{
    "metrics": {
        "http_req_duration{expected_response:true}": {
            "avg": 67.62131671919185,
            "min": 2.752442,
            "med": 8.5064375,
            "max": 1406.402141,
            "p(90)": 190.1346732000001,
            "p(95)": 364.28921045000004
        },
        "http_req_connecting": {
            "p(95)": 0,
            "avg": 0.0004585238961038961,
            "min": 0,
            "med": 0,
            "max": 0.895267,
            "p(90)": 0
        },
        "http_req_failed": {
            "passes": 6600,
            "fails": 4950,
            "value": 0.5714285714285714
        },
        "vus": {
            "value": 14,
            "min": 14,
            "max": 25
        },
        "http_req_receiving": {
            "avg": 1.016828167186149,
            "min": 0.004168,
            "med": 0.083873,
            "max": 143.548113,
            "p(90)": 0.3305191,
            "p(95)": 0.5397959999999993
        },
        "data_received": {
            "rate": 82657.65987983902,
            "count": 50280680
        },
        "iteration_duration": {
            "med": 9052.877582000001,
            "max": 11111.303069,
            "p(90)": 9690.5827797,
            "p(95)": 9943.75948035,
            "avg": 9211.927846408471,
            "min": 9015.52143
        },
        "iterations": {
            "rate": 2.7124760206451937,
            "count": 1650
        },
        "http_req_duration": {
            "min": 0.084581,
            "med": 1.077915,
            "max": 1406.402141,
            "p(90)": 39.28542550000001,
            "p(95)": 160.29006599999965,
            "avg": 29.58157640519491
        },
        "http_reqs": {
            "count": 11550,
            "rate": 18.987332144516355
        },
        "data_sent": {
            "count": 1925550,
            "rate": 3165.459516092941
        },
        "http_req_sending": {
            "avg": 0.019790876103896012,
            "min": 0.002743,
            "med": 0.0186765,
            "max": 0.975121,
            "p(90)": 0.030764100000000003,
            "p(95)": 0.03583244999999999
        },
        "group_duration": {
            "min": 1000.145392,
            "med": 1009.3219724999999,
            "max": 2406.715664,
            "p(90)": 2001.4134978,
            "p(95)": 2001.70944455,
            "avg": 1315.9404005376568
        },
        "http_req_waiting": {
            "med": 0.972744,
            "max": 1278.564301,
            "p(90)": 34.84858640000013,
            "p(95)": 154.15535374999985,
            "avg": 28.544957361904768,
            "min": 0.069714
        },
        "http_req_blocked": {
            "avg": 0.007608767878787837,
            "min": 0.00109,
            "med": 0.006605,
            "max": 1.371428,
            "p(90)": 0.010297,
            "p(95)": 0.011379649999999998
        },
        "http_req_tls_handshaking": {
            "p(90)": 0,
            "p(95)": 0,
            "avg": 0,
            "min": 0,
            "med": 0,
            "max": 0
        },
        "vus_max": {
            "max": 25,
            "value": 25,
            "min": 25
        }
    },
    "root_group": {
        "name": "",
        "path": "",
        "id": "d41d8cd98f00b204e9800998ecf8427e",
        "groups": {
            "Visit homepage": {
                "groups": {},
                "checks": {},
                "name": "Visit homepage",
                "path": "::Visit homepage",
                "id": "fad1e6c0c5ed4fe1e395235b0e3dcc0b"
            },
            "Change currency": {
                "name": "Change currency",
                "path": "::Change currency",
                "id": "aa52a91e451191a2b7105d86cfb01fc0",
                "groups": {},
                "checks": {}
            },
            "Browse products": {
                "name": "Browse products",
                "path": "::Browse products",
                "id": "f45e069332b4857f63de9b1ca3f697fe",
                "groups": {},
                "checks": {}
            },
            "View a product": {
                "name": "View a product",
                "path": "::View a product",
                "id": "992a6671c627f7108d2895530fe677f7",
                "groups": {},
                "checks": {}
            },
            "Add to cart": {
                "groups": {},
                "checks": {},
                "name": "Add to cart",
                "path": "::Add to cart",
                "id": "0f1d4b13c85de4427f714b4a353019fa"
            },
            "View cart": {
                "path": "::View cart",
                "id": "30ed069d2a9a41cd54bdc10408269e71",
                "groups": {},
                "checks": {},
                "name": "View cart"
            },
            "Checkout": {
                "checks": {},
                "name": "Checkout",
                "path": "::Checkout",
                "id": "18269b63e1041a7cf6efa072538123bd",
                "groups": {}
            }
        },
        "checks": {}
    }
}