{
    "metrics": {
        "data_received": {
            "rate": 163894.58630494305,
            "count": 99242264
        },
        "http_req_duration{expected_response:true}": {
            "p(95)": 293.4710043,
            "avg": 81.5213181543814,
            "min": 2.737451,
            "med": 15.3237395,
            "max": 5295.508743,
            "p(90)": 178.30677250000022
        },
        "http_req_connecting": {
            "avg": 0.0013264398473148474,
            "min": 0,
            "med": 0,
            "max": 4.637469,
            "p(90)": 0,
            "p(95)": 0
        },
        "iteration_duration": {
            "avg": 9254.576737554064,
            "min": 9021.107301,
            "med": 9108.989270999999,
            "max": 14696.799036,
            "p(90)": 9551.590711,
            "p(95)": 9989.494365
        },
        "http_req_blocked": {
            "avg": 0.007749321955071944,
            "min": 0.001027,
            "med": 0.005266,
            "max": 4.714241,
            "p(90)": 0.010151,
            "p(95)": 0.011364900000000002
        },
        "http_req_failed": {
            "passes": 13024,
            "fails": 9768,
            "value": 0.5714285714285714
        },
        "http_req_sending": {
            "med": 0.014454999999999999,
            "max": 2.606091,
            "p(90)": 0.029452500000000006,
            "p(95)": 0.03429435,
            "avg": 0.018938440154440232,
            "min": 0.003104
        },
        "vus_max": {
            "value": 50,
            "min": 50,
            "max": 50
        },
        "iterations": {
            "count": 3256,
            "rate": 5.377152349213785
        },
        "http_req_duration": {
            "med": 1.1865485,
            "max": 5295.508743,
            "p(90)": 76.36750090000005,
            "p(95)": 144.4913772,
            "avg": 35.69298956664579,
            "min": 0.082076
        },
        "http_req_tls_handshaking": {
            "avg": 0,
            "min": 0,
            "med": 0,
            "max": 0,
            "p(90)": 0,
            "p(95)": 0
        },
        "group_duration": {
            "avg": 1322.0383102503595,
            "min": 1000.117714,
            "med": 1017.1439405000001,
            "max": 6296.536777,
            "p(90)": 2001.3633613999998,
            "p(95)": 2001.691636
        },
        "http_req_waiting": {
            "p(95)": 126.89221850000003,
            "avg": 34.24741461600561,
            "min": 0.06891,
            "med": 1.092375,
            "max": 5295.279534,
            "p(90)": 68.54301810000005
        },
        "data_sent": {
            "rate": 6764.457655310941,
            "count": 4096048
        },
        "http_req_receiving": {
            "avg": 1.4266365104861432,
            "min": 0.0037,
            "med": 0.0743375,
            "max": 194.157684,
            "p(90)": 0.34484420000000016,
            "p(95)": 0.6110860000000002
        },
        "vus": {
            "max": 50,
            "value": 6,
            "min": 6
        },
        "http_reqs": {
            "count": 22792,
            "rate": 37.64006644449649
        }
    },
    "root_group": {
        "path": "",
        "id": "d41d8cd98f00b204e9800998ecf8427e",
        "groups": {
            "Visit homepage": {
                "groups": {},
                "checks": {},
                "name": "Visit homepage",
                "path": "::Visit homepage",
                "id": "fad1e6c0c5ed4fe1e395235b0e3dcc0b"
            },
            "Change currency": {
                "path": "::Change currency",
                "id": "aa52a91e451191a2b7105d86cfb01fc0",
                "groups": {},
                "checks": {},
                "name": "Change currency"
            },
            "Browse products": {
                "id": "f45e069332b4857f63de9b1ca3f697fe",
                "groups": {},
                "checks": {},
                "name": "Browse products",
                "path": "::Browse products"
            },
            "View a product": {
                "name": "View a product",
                "path": "::View a product",
                "id": "992a6671c627f7108d2895530fe677f7",
                "groups": {},
                "checks": {}
            },
            "Add to cart": {
                "groups": {},
                "checks": {},
                "name": "Add to cart",
                "path": "::Add to cart",
                "id": "0f1d4b13c85de4427f714b4a353019fa"
            },
            "View cart": {
                "id": "30ed069d2a9a41cd54bdc10408269e71",
                "groups": {},
                "checks": {},
                "name": "View cart",
                "path": "::View cart"
            },
            "Checkout": {
                "checks": {},
                "name": "Checkout",
                "path": "::Checkout",
                "id": "18269b63e1041a7cf6efa072538123bd",
                "groups": {}
            }
        },
        "checks": {},
        "name": ""
    }
}