{
    "metrics": {
        "http_req_blocked": {
            "min": 0.001132,
            "med": 0.004446,
            "max": 0.848858,
            "p(90)": 0.00663,
            "p(95)": 0.00767125,
            "avg": 0.005487938918899179
        },
        "data_sent": {
            "count": 9847624,
            "rate": 13567.392980083989
        },
        "http_req_duration{expected_response:true}": {
            "avg": 89.70068126434983,
            "min": 9.327284,
            "med": 24.6901955,
            "max": 1416.933248,
            "p(90)": 205.7149989000001,
            "p(95)": 396.7151298499996
        },
        "http_req_waiting": {
            "max": 1416.640873,
            "p(90)": 92.927121,
            "p(95)": 189.5024875,
            "avg": 39.50641572627566,
            "min": 0.174987,
            "med": 1.3633929999999999
        },
        "http_req_receiving": {
            "max": 95.521497,
            "p(90)": 0.265793,
            "p(95)": 0.37831075000000003,
            "avg": 0.6590272060734365,
            "min": 0.004566,
            "med": 0.0373895
        },
        "data_received": {
            "count": 244987048,
            "rate": 337526.6516315711
        },
        "http_req_duration": {
            "max": 1416.933248,
            "p(90)": 94.188964,
            "p(95)": 191.5294955,
            "avg": 40.17870736252676,
            "min": 0.186776,
            "med": 1.4104385000000002
        },
        "vus_max": {
            "value": 200,
            "min": 200,
            "max": 200
        },
        "http_reqs": {
            "count": 54796,
            "rate": 75.4942375680349
        },
        "http_req_connecting": {
            "avg": 0.000516070333600993,
            "min": 0,
            "med": 0,
            "max": 0.35457,
            "p(90)": 0,
            "p(95)": 0
        },
        "iteration_duration": {
            "avg": 9285.752235163118,
            "min": 9037.592034,
            "med": 9175.0390895,
            "max": 11124.299629,
            "p(90)": 9724.420163699999,
            "p(95)": 10006.9022064
        },
        "http_req_sending": {
            "max": 2.606125,
            "p(90)": 0.0180975,
            "p(95)": 0.02140325,
            "avg": 0.013264430177385303,
            "min": 0.003238,
            "med": 0.011958
        },
        "vus": {
            "value": 2,
            "min": 0,
            "max": 200
        },
        "iterations": {
            "count": 7828,
            "rate": 10.784891081147844
        },
        "http_req_tls_handshaking": {
            "p(95)": 0,
            "avg": 0,
            "min": 0,
            "med": 0,
            "max": 0,
            "p(90)": 0
        },
        "group_duration": {
            "avg": 1326.500827355833,
            "min": 1000.250964,
            "med": 1026.7967795,
            "max": 2417.487221,
            "p(90)": 2001.620802,
            "p(95)": 2001.9286350000002
        },
        "http_req_failed": {
            "passes": 31312,
            "fails": 23484,
            "value": 0.5714285714285714
        }
    },
    "root_group": {
        "name": "",
        "path": "",
        "id": "d41d8cd98f00b204e9800998ecf8427e",
        "groups": {
            "Visit homepage": {
                "name": "Visit homepage",
                "path": "::Visit homepage",
                "id": "fad1e6c0c5ed4fe1e395235b0e3dcc0b",
                "groups": {},
                "checks": {}
            },
            "Change currency": {
                "name": "Change currency",
                "path": "::Change currency",
                "id": "aa52a91e451191a2b7105d86cfb01fc0",
                "groups": {},
                "checks": {}
            },
            "Browse products": {
                "name": "Browse products",
                "path": "::Browse products",
                "id": "f45e069332b4857f63de9b1ca3f697fe",
                "groups": {},
                "checks": {}
            },
            "View a product": {
                "name": "View a product",
                "path": "::View a product",
                "id": "992a6671c627f7108d2895530fe677f7",
                "groups": {},
                "checks": {}
            },
            "Add to cart": {
                "name": "Add to cart",
                "path": "::Add to cart",
                "id": "0f1d4b13c85de4427f714b4a353019fa",
                "groups": {},
                "checks": {}
            },
            "View cart": {
                "id": "30ed069d2a9a41cd54bdc10408269e71",
                "groups": {},
                "checks": {},
                "name": "View cart",
                "path": "::View cart"
            },
            "Checkout": {
                "groups": {},
                "checks": {},
                "name": "Checkout",
                "path": "::Checkout",
                "id": "18269b63e1041a7cf6efa072538123bd"
            }
        },
        "checks": {}
    }
}