{
    "metrics": {
        "vus_max": {
            "max": 25,
            "value": 25,
            "min": 25
        },
        "iterations": {
            "count": 1650,
            "rate": 2.71865243260992
        },
        "http_req_blocked": {
            "min": 0.001124,
            "med": 0.005529,
            "max": 0.714285,
            "p(90)": 0.01086,
            "p(95)": 0.012234399999999994,
            "avg": 0.007431584069264054
        },
        "http_req_connecting": {
            "max": 0.661553,
            "p(90)": 0,
            "p(95)": 0,
            "avg": 0.0005095716883116885,
            "min": 0,
            "med": 0
        },
        "data_received": {
            "count": 50292042,
            "rate": 82864.59534801228
        },
        "http_req_waiting": {
            "avg": 24.57448980562765,
            "min": 0.06846,
            "med": 0.9788715,
            "max": 1142.539892,
            "p(90)": 32.45612570000001,
            "p(95)": 87.86773249999999
        },
        "http_req_failed": {
            "passes": 6600,
            "fails": 4950,
            "value": 0.5714285714285714
        },
        "vus": {
            "value": 18,
            "min": 18,
            "max": 25
        },
        "http_req_duration": {
            "med": 1.0788,
            "max": 1142.964138,
            "p(90)": 33.2905554,
            "p(95)": 92.90765744999992,
            "avg": 25.242520638181805,
            "min": 0.08394
        },
        "data_sent": {
            "count": 2075700,
            "rate": 3420.0647602232793
        },
        "http_req_tls_handshaking": {
            "max": 0,
            "p(90)": 0,
            "p(95)": 0,
            "avg": 0,
            "min": 0,
            "med": 0
        },
        "group_duration": {
            "min": 1000.155813,
            "med": 1011.292405,
            "max": 2143.655216,
            "p(90)": 2001.3947526,
            "p(95)": 2001.6769932,
            "avg": 1311.6186018826031
        },
        "http_req_receiving": {
            "p(90)": 0.3272974,
            "p(95)": 0.4689737,
            "avg": 0.6482654935064909,
            "min": 0.004167,
            "med": 0.0777645,
            "max": 172.795661
        },
        "http_reqs": {
            "count": 11550,
            "rate": 19.030567028269438
        },
        "http_req_sending": {
            "avg": 0.019765339047619047,
            "min": 0.002816,
            "med": 0.015643,
            "max": 0.95909,
            "p(90)": 0.032306100000000004,
            "p(95)": 0.038654499999999994
        },
        "iteration_duration": {
            "avg": 9181.674974446663,
            "min": 9025.576803,
            "med": 9061.666730500001,
            "max": 10659.611538,
            "p(90)": 9661.0360631,
            "p(95)": 9934.41863805
        },
        "http_req_duration{expected_response:true}": {
            "med": 10.6652405,
            "max": 1142.964138,
            "p(90)": 103.7443249000001,
            "p(95)": 240.11548890000054,
            "avg": 57.79731150969704,
            "min": 2.695528
        }
    },
    "root_group": {
        "name": "",
        "path": "",
        "id": "d41d8cd98f00b204e9800998ecf8427e",
        "groups": {
            "Visit homepage": {
                "name": "Visit homepage",
                "path": "::Visit homepage",
                "id": "fad1e6c0c5ed4fe1e395235b0e3dcc0b",
                "groups": {},
                "checks": {}
            },
            "Change currency": {
                "name": "Change currency",
                "path": "::Change currency",
                "id": "aa52a91e451191a2b7105d86cfb01fc0",
                "groups": {},
                "checks": {}
            },
            "Browse products": {
                "checks": {},
                "name": "Browse products",
                "path": "::Browse products",
                "id": "f45e069332b4857f63de9b1ca3f697fe",
                "groups": {}
            },
            "View a product": {
                "checks": {},
                "name": "View a product",
                "path": "::View a product",
                "id": "992a6671c627f7108d2895530fe677f7",
                "groups": {}
            },
            "Add to cart": {
                "id": "0f1d4b13c85de4427f714b4a353019fa",
                "groups": {},
                "checks": {},
                "name": "Add to cart",
                "path": "::Add to cart"
            },
            "View cart": {
                "name": "View cart",
                "path": "::View cart",
                "id": "30ed069d2a9a41cd54bdc10408269e71",
                "groups": {},
                "checks": {}
            },
            "Checkout": {
                "checks": {},
                "name": "Checkout",
                "path": "::Checkout",
                "id": "18269b63e1041a7cf6efa072538123bd",
                "groups": {}
            }
        },
        "checks": {}
    }
}