{
    "metrics": {
        "http_req_failed": {
            "passes": 13200,
            "fails": 9900,
            "value": 0.5714285714285714
        },
        "data_sent": {
            "count": 4151400,
            "rate": 6842.46374876849
        },
        "vus_max": {
            "value": 50,
            "min": 50,
            "max": 50
        },
        "http_req_tls_handshaking": {
            "avg": 0,
            "min": 0,
            "med": 0,
            "max": 0,
            "p(90)": 0,
            "p(95)": 0
        },
        "data_received": {
            "count": 100583668,
            "rate": 165785.0609452631
        },
        "iteration_duration": {
            "med": 9080.2607125,
            "max": 14603.830857,
            "p(90)": 9305.211380699999,
            "p(95)": 9733.826510449997,
            "avg": 9184.569701615175,
            "min": 9024.541766
        },
        "http_req_blocked": {
            "p(95)": 0.011801,
            "avg": 0.00752108099567095,
            "min": 0.001104,
            "med": 0.0051265,
            "max": 1.828401,
            "p(90)": 0.010305
        },
        "vus": {
            "value": 38,
            "min": 38,
            "max": 50
        },
        "http_req_duration{expected_response:true}": {
            "avg": 58.09412989888874,
            "min": 2.781858,
            "med": 11.040008499999999,
            "max": 5192.867585,
            "p(90)": 98.59583560000007,
            "p(95)": 196.14549305
        },
        "http_req_connecting": {
            "p(95)": 0,
            "avg": 0.0010061535930735927,
            "min": 0,
            "med": 0,
            "max": 1.805668,
            "p(90)": 0
        },
        "http_req_duration": {
            "min": 0.076303,
            "med": 1.085672,
            "max": 5192.867585,
            "p(90)": 46.10820450000006,
            "p(95)": 94.70511279999997,
            "avg": 25.690054965454515
        },
        "group_duration": {
            "med": 1012.3133339999999,
            "max": 6193.006908,
            "p(90)": 2001.3577992,
            "p(95)": 2001.6448468,
            "avg": 1312.0353053764084,
            "min": 1000.129616
        },
        "http_req_waiting": {
            "avg": 24.508081731818137,
            "min": 0.066536,
            "med": 0.9913875,
            "max": 5096.162869,
            "p(90)": 41.452016700000044,
            "p(95)": 90.43712544999998
        },
        "iterations": {
            "count": 3300,
            "rate": 5.43916037262996
        },
        "http_req_sending": {
            "avg": 0.018809410735930766,
            "min": 0.002949,
            "med": 0.013972,
            "max": 2.586102,
            "p(90)": 0.029637300000000005,
            "p(95)": 0.03520015
        },
        "http_reqs": {
            "count": 23100,
            "rate": 38.07412260840972
        },
        "http_req_receiving": {
            "max": 198.482315,
            "p(90)": 0.3325673,
            "p(95)": 0.5466977499999991,
            "avg": 1.1631638229004282,
            "min": 0.004539,
            "med": 0.07212199999999999
        }
    },
    "root_group": {
        "checks": {},
        "name": "",
        "path": "",
        "id": "d41d8cd98f00b204e9800998ecf8427e",
        "groups": {
                "Visit homepage": {
                    "groups": {},
                    "checks": {},
                    "name": "Visit homepage",
                    "path": "::Visit homepage",
                    "id": "fad1e6c0c5ed4fe1e395235b0e3dcc0b"
                },
                "Change currency": {
                    "groups": {},
                    "checks": {},
                    "name": "Change currency",
                    "path": "::Change currency",
                    "id": "aa52a91e451191a2b7105d86cfb01fc0"
                },
                "Browse products": {
                    "id": "f45e069332b4857f63de9b1ca3f697fe",
                    "groups": {},
                    "checks": {},
                    "name": "Browse products",
                    "path": "::Browse products"
                },
                "View a product": {
                    "groups": {},
                    "checks": {},
                    "name": "View a product",
                    "path": "::View a product",
                    "id": "992a6671c627f7108d2895530fe677f7"
                },
                "Add to cart": {
                    "checks": {},
                    "name": "Add to cart",
                    "path": "::Add to cart",
                    "id": "0f1d4b13c85de4427f714b4a353019fa",
                    "groups": {}
                },
                "View cart": {
                    "name": "View cart",
                    "path": "::View cart",
                    "id": "30ed069d2a9a41cd54bdc10408269e71",
                    "groups": {},
                    "checks": {}
                },
                "Checkout": {
                    "name": "Checkout",
                    "path": "::Checkout",
                    "id": "18269b63e1041a7cf6efa072538123bd",
                    "groups": {},
                    "checks": {}
                }
            }
    }
}