{
    "metrics": {
        "http_req_blocked": {
            "avg": 0.0060562602134546315,
            "min": 0.001142,
            "med": 0.004626,
            "max": 0.737476,
            "p(90)": 0.0090129,
            "p(95)": 0.010687650000000005
        },
        "group_duration": {
            "avg": 1322.604018799142,
            "min": 1000.358848,
            "med": 1025.9523669999999,
            "max": 2343.966842,
            "p(90)": 2001.7677465000002,
            "p(95)": 2002.2305416
        },
        "http_req_duration{expected_response:true}": {
            "avg": 82.80617400193869,
            "min": 8.796909,
            "med": 25.2374515,
            "max": 1343.58534,
            "p(90)": 190.82522260000002,
            "p(95)": 400.7525697499994
        },
        "http_req_receiving": {
            "med": 0.0372335,
            "max": 103.075686,
            "p(90)": 0.27234150000000007,
            "p(95)": 0.3883304500000002,
            "avg": 0.5643991530049902,
            "min": 0.004259
        },
        "iteration_duration": {
            "p(90)": 9651.523323000001,
            "p(95)": 9975.68117,
            "avg": 9258.503559458048,
            "min": 9035.641546,
            "med": 9126.5503105,
            "max": 10751.005197
        },
        "http_req_duration": {
            "max": 1343.58534,
            "p(90)": 71.71337980000001,
            "p(95)": 151.4130921000001,
            "avg": 36.26766081357702,
            "min": 0.224956,
            "med": 1.7746035
        },
        "data_sent": {
            "count": 4108628,
            "rate": 6756.954988542096
        },
        "http_req_failed": {
            "passes": 13064,
            "fails": 9798,
            "value": 0.5714285714285714
        },
        "http_req_tls_handshaking": {
            "min": 0,
            "med": 0,
            "max": 0,
            "p(90)": 0,
            "p(95)": 0,
            "avg": 0
        },
        "data_received": {
            "count": 102211559,
            "rate": 168094.77603514233
        },
        "vus_max": {
            "value": 50,
            "min": 50,
            "max": 50
        },
        "http_req_sending": {
            "max": 5.742704,
            "p(90)": 0.026087700000000005,
            "p(95)": 0.03216775000000001,
            "avg": 0.01547478667658125,
            "min": 0.002683,
            "med": 0.0119855
        },
        "iterations": {
            "count": 3266,
            "rate": 5.3711883851685975
        },
        "http_reqs": {
            "count": 22862,
            "rate": 37.598318696180186
        },
        "vus": {
            "value": 8,
            "min": 8,
            "max": 50
        },
        "http_req_waiting": {
            "avg": 35.68778687389548,
            "min": 0.204818,
            "med": 1.697445,
            "max": 1343.546082,
            "p(90)": 69.55045210000009,
            "p(95)": 148.3908717000002
        },
        "http_req_connecting": {
            "max": 0.574134,
            "p(90)": 0,
            "p(95)": 0,
            "avg": 0.0006057299448867116,
            "min": 0,
            "med": 0
        }
    },
    "root_group": {
        "name": "",
        "path": "",
        "id": "d41d8cd98f00b204e9800998ecf8427e",
        "groups": {
            "Visit homepage": {
                "groups": {},
                "checks": {},
                "name": "Visit homepage",
                "path": "::Visit homepage",
                "id": "fad1e6c0c5ed4fe1e395235b0e3dcc0b"
            },
            "Change currency": {
                "groups": {},
                "checks": {},
                "name": "Change currency",
                "path": "::Change currency",
                "id": "aa52a91e451191a2b7105d86cfb01fc0"
            },
            "Browse products": {
                "name": "Browse products",
                "path": "::Browse products",
                "id": "f45e069332b4857f63de9b1ca3f697fe",
                "groups": {},
                "checks": {}
            },
            "View a product": {
                "checks": {},
                "name": "View a product",
                "path": "::View a product",
                "id": "992a6671c627f7108d2895530fe677f7",
                "groups": {}
            },
            "Add to cart": {
                "name": "Add to cart",
                "path": "::Add to cart",
                "id": "0f1d4b13c85de4427f714b4a353019fa",
                "groups": {},
                "checks": {}
            },
            "View cart": {
                "path": "::View cart",
                "id": "30ed069d2a9a41cd54bdc10408269e71",
                "groups": {},
                "checks": {},
                "name": "View cart"
            },
            "Checkout": {
                "name": "Checkout",
                "path": "::Checkout",
                "id": "18269b63e1041a7cf6efa072538123bd",
                "groups": {},
                "checks": {}
            }
        },
        "checks": {}
    }
}