{
    "metrics": {
        "iteration_duration": {
            "min": 9024.871974,
            "med": 9292.450602,
            "max": 12602.588385,
            "p(90)": 10443.252537999997,
            "p(95)": 10815.122975049999,
            "avg": 9545.35220288387
        },
        "vus": {
            "max": 200,
            "value": 2,
            "min": 0
        },
        "http_req_blocked": {
            "med": 0.004936,
            "max": 8.817402,
            "p(90)": 0.0099,
            "p(95)": 0.011118149999999993,
            "avg": 0.007345744286840028,
            "min": 0.001008
        },
        "http_req_receiving": {
            "avg": 2.4880795180682065,
            "min": 0.003386,
            "med": 0.11288000000000001,
            "max": 410.599761,
            "p(90)": 0.9619342000000004,
            "p(95)": 2.4347197499999975
        },
        "http_req_waiting": {
            "p(90)": 243.9532006000069,
            "p(95)": 484.4270168999992,
            "avg": 74.76093603540447,
            "min": 0.126975,
            "med": 6.785394999999999,
            "max": 2292.169632
        },
        "http_req_connecting": {
            "avg": 0.0009969509737701228,
            "min": 0,
            "med": 0,
            "max": 0.462764,
            "p(90)": 0,
            "p(95)": 0
        },
        "data_received": {
            "count": 232199512,
            "rate": 321587.1231376182
        },
        "http_req_failed": {
            "passes": 30456,
            "fails": 22842,
            "value": 0.5714285714285714
        },
        "group_duration": {
            "avg": 1363.5791233941006,
            "min": 1000.210345,
            "med": 1054.5320514999999,
            "max": 3298.198199,
            "p(90)": 2002.0254657,
            "p(95)": 2005.56328615
        },
        "http_reqs": {
            "count": 53298,
            "rate": 73.81561804914031
        },
        "http_req_duration{expected_response:true}": {
            "p(90)": 503.63462720000007,
            "p(95)": 711.17798945,
            "avg": 163.38096892303665,
            "min": 5.965875,
            "med": 17.5413905,
            "max": 2297.107616
        },
        "http_req_tls_handshaking": {
            "p(95)": 0,
            "avg": 0,
            "min": 0,
            "med": 0,
            "max": 0,
            "p(90)": 0
        },
        "http_req_duration": {
            "p(95)": 491.7081225499996,
            "avg": 77.26643555005825,
            "min": 0.142783,
            "med": 6.984439999999999,
            "max": 2297.107616,
            "p(90)": 276.6661617000003
        },
        "data_sent": {
            "count": 8885538,
            "rate": 12306.118037620963
        },
        "vus_max": {
            "value": 200,
            "min": 200,
            "max": 200
        },
        "http_req_sending": {
            "med": 0.013525,
            "max": 1.683396,
            "p(90)": 0.0290783,
            "p(95)": 0.033876149999999994,
            "avg": 0.017419996585237605,
            "min": 0.003198
        },
        "iterations": {
            "count": 7614,
            "rate": 10.54508829273433
        }
    },
    "root_group": {
        "name": "",
        "path": "",
        "id": "d41d8cd98f00b204e9800998ecf8427e",
        "groups": {
            "Visit homepage": {
                "name": "Visit homepage",
                "path": "::Visit homepage",
                "id": "fad1e6c0c5ed4fe1e395235b0e3dcc0b",
                "groups": {},
                "checks": {}
            },
            "Change currency": {
                "id": "aa52a91e451191a2b7105d86cfb01fc0",
                "groups": {},
                "checks": {},
                "name": "Change currency",
                "path": "::Change currency"
            },
            "Browse products": {
                "name": "Browse products",
                "path": "::Browse products",
                "id": "f45e069332b4857f63de9b1ca3f697fe",
                "groups": {},
                "checks": {}
            },
            "View a product": {
                "name": "View a product",
                "path": "::View a product",
                "id": "992a6671c627f7108d2895530fe677f7",
                "groups": {},
                "checks": {}
            },
            "Add to cart": {
                "id": "0f1d4b13c85de4427f714b4a353019fa",
                "groups": {},
                "checks": {},
                "name": "Add to cart",
                "path": "::Add to cart"
            },
            "View cart": {
                "path": "::View cart",
                "id": "30ed069d2a9a41cd54bdc10408269e71",
                "groups": {},
                "checks": {},
                "name": "View cart"
            },
            "Checkout": {
                "name": "Checkout",
                "path": "::Checkout",
                "id": "18269b63e1041a7cf6efa072538123bd",
                "groups": {},
                "checks": {}
            }
        },
        "checks": {}
    }
}