{
    "metrics": {
        "http_req_failed": {
            "passes": 6600,
            "fails": 4950,
            "value": 0.5714285714285714
        },
        "data_sent": {
            "count": 1925550,
            "rate": 3184.3878732841863
        },
        "data_received": {
            "count": 51641882,
            "rate": 85403.01877093449
        },
        "group_duration": {
            "min": 1000.394008,
            "med": 1019.7621875,
            "max": 2094.391335,
            "p(90)": 2001.6790072000001,
            "p(95)": 2002.1954357,
            "avg": 1306.5102376788727
        },
        "http_req_duration": {
            "avg": 20.1523927324675,
            "min": 0.219958,
            "med": 1.7199455,
            "max": 1093.84388,
            "p(90)": 27.700063000000004,
            "p(95)": 55.080822649999924
        },
        "vus": {
            "value": 18,
            "min": 18,
            "max": 25
        },
        "http_req_duration{expected_response:true}": {
            "min": 8.639792,
            "med": 19.0848835,
            "max": 1093.84388,
            "p(90)": 68.0313914,
            "p(95)": 156.5865757,
            "avg": 45.681940857171725
        },
        "http_req_waiting": {
            "avg": 19.821120377748947,
            "min": 0.206526,
            "med": 1.631926,
            "max": 1065.784803,
            "p(90)": 27.133868100000004,
            "p(95)": 49.48548854999994
        },
        "iteration_duration": {
            "avg": 9145.837796512118,
            "min": 9035.106207,
            "med": 9069.9860185,
            "max": 10205.040963,
            "p(90)": 9325.756814100001,
            "p(95)": 9625.8641911
        },
        "http_reqs": {
            "count": 11550,
            "rate": 19.100869848319885
        },
        "http_req_blocked": {
            "avg": 0.00642444658008657,
            "min": 0.001075,
            "med": 0.004467,
            "max": 0.886335,
            "p(90)": 0.009044700000000003,
            "p(95)": 0.010127299999999995
        },
        "http_req_connecting": {
            "avg": 0.0010354496103896105,
            "min": 0,
            "med": 0,
            "max": 0.846303,
            "p(90)": 0,
            "p(95)": 0
        },
        "http_req_receiving": {
            "p(90)": 0.25034430000000024,
            "p(95)": 0.33448409999999984,
            "avg": 0.3162477398268403,
            "min": 0.004053,
            "med": 0.0436075,
            "max": 89.863865
        },
        "iterations": {
            "count": 1650,
            "rate": 2.7286956926171264
        },
        "vus_max": {
            "min": 25,
            "max": 25,
            "value": 25
        },
        "http_req_tls_handshaking": {
            "avg": 0,
            "min": 0,
            "med": 0,
            "max": 0,
            "p(90)": 0,
            "p(95)": 0
        },
        "http_req_sending": {
            "p(95)": 0.03083059999999999,
            "avg": 0.015024614891774852,
            "min": 0.002834,
            "med": 0.01164,
            "max": 0.6547,
            "p(90)": 0.026241200000000003
        }
    },
    "root_group": {
        "checks": {},
        "name": "",
        "path": "",
        "id": "d41d8cd98f00b204e9800998ecf8427e",
        "groups": {
                "Visit homepage": {
                    "name": "Visit homepage",
                    "path": "::Visit homepage",
                    "id": "fad1e6c0c5ed4fe1e395235b0e3dcc0b",
                    "groups": {},
                    "checks": {}
                },
                "Change currency": {
                    "path": "::Change currency",
                    "id": "aa52a91e451191a2b7105d86cfb01fc0",
                    "groups": {},
                    "checks": {},
                    "name": "Change currency"
                },
                "Browse products": {
                    "name": "Browse products",
                    "path": "::Browse products",
                    "id": "f45e069332b4857f63de9b1ca3f697fe",
                    "groups": {},
                    "checks": {}
                },
                "View a product": {
                    "name": "View a product",
                    "path": "::View a product",
                    "id": "992a6671c627f7108d2895530fe677f7",
                    "groups": {},
                    "checks": {}
                },
                "Add to cart": {
                    "checks": {},
                    "name": "Add to cart",
                    "path": "::Add to cart",
                    "id": "0f1d4b13c85de4427f714b4a353019fa",
                    "groups": {}
                },
                "View cart": {
                    "path": "::View cart",
                    "id": "30ed069d2a9a41cd54bdc10408269e71",
                    "groups": {},
                    "checks": {},
                    "name": "View cart"
                },
                "Checkout": {
                    "name": "Checkout",
                    "path": "::Checkout",
                    "id": "18269b63e1041a7cf6efa072538123bd",
                    "groups": {},
                    "checks": {}
                }
            }
    }
}