{
    "metrics": {
        "iteration_duration": {
            "avg": 9312.079343744332,
            "min": 9035.575772,
            "med": 9195.738082,
            "max": 11572.886633,
            "p(90)": 9743.3329054,
            "p(95)": 10099.8735516
        },
        "http_req_failed": {
            "passes": 31212,
            "fails": 23409,
            "value": 0.5714285714285714
        },
        "http_reqs": {
            "rate": 75.08363199050666,
            "count": 54621
        },
        "http_req_blocked": {
            "avg": 0.006739822229545472,
            "min": 0.00118,
            "med": 0.004872,
            "max": 3.127109,
            "p(90)": 0.007837,
            "p(95)": 0.010538
        },
        "data_sent": {
            "count": 9816174,
            "rate": 13493.601292008198
        },
        "group_duration": {
            "p(95)": 2002.306291,
            "avg": 1330.253539087842,
            "min": 1000.355153,
            "med": 1031.952165,
            "max": 2454.803488,
            "p(90)": 2001.787971
        },
        "iterations": {
            "count": 7803,
            "rate": 10.726233141500952
        },
        "http_req_sending": {
            "med": 0.012962,
            "max": 10.50864,
            "p(90)": 0.021613,
            "p(95)": 0.029162,
            "avg": 0.015649899269511772,
            "min": 0.003131
        },
        "data_received": {
            "count": 244205271,
            "rate": 335691.7430641319
        },
        "http_req_duration": {
            "p(90)": 100.339725,
            "p(95)": 203.806909,
            "avg": 43.90570264235331,
            "min": 0.215584,
            "med": 1.922296,
            "max": 1454.532539
        },
        "http_req_duration{expected_response:true}": {
            "avg": 97.07311883668652,
            "min": 9.100358,
            "med": 28.645452,
            "max": 1454.532539,
            "p(90)": 236.43329300000005,
            "p(95)": 398.0113737999992
        },
        "vus": {
            "value": 1,
            "min": 0,
            "max": 200
        },
        "vus_max": {
            "min": 200,
            "max": 200,
            "value": 200
        },
        "http_req_receiving": {
            "max": 157.619158,
            "p(90)": 0.282638,
            "p(95)": 0.435512,
            "avg": 0.8118075281668232,
            "min": 0.005188,
            "med": 0.042033
        },
        "http_req_tls_handshaking": {
            "avg": 0,
            "min": 0,
            "med": 0,
            "max": 0,
            "p(90)": 0,
            "p(95)": 0
        },
        "http_req_waiting": {
            "avg": 43.07824521491754,
            "min": 0.196451,
            "med": 1.849971,
            "max": 1454.484971,
            "p(90)": 99.457796,
            "p(95)": 201.328804
        },
        "http_req_connecting": {
            "avg": 0.0008107338386334931,
            "min": 0,
            "med": 0,
            "max": 3.053085,
            "p(90)": 0,
            "p(95)": 0
        }
    },
    "root_group": {
        "name": "",
        "path": "",
        "id": "d41d8cd98f00b204e9800998ecf8427e",
        "groups": {
            "Visit homepage": {
                "groups": {},
                "checks": {},
                "name": "Visit homepage",
                "path": "::Visit homepage",
                "id": "fad1e6c0c5ed4fe1e395235b0e3dcc0b"
            },
            "Change currency": {
                "checks": {},
                "name": "Change currency",
                "path": "::Change currency",
                "id": "aa52a91e451191a2b7105d86cfb01fc0",
                "groups": {}
            },
            "Browse products": {
                "name": "Browse products",
                "path": "::Browse products",
                "id": "f45e069332b4857f63de9b1ca3f697fe",
                "groups": {},
                "checks": {}
            },
            "View a product": {
                "path": "::View a product",
                "id": "992a6671c627f7108d2895530fe677f7",
                "groups": {},
                "checks": {},
                "name": "View a product"
            },
            "Add to cart": {
                "groups": {},
                "checks": {},
                "name": "Add to cart",
                "path": "::Add to cart",
                "id": "0f1d4b13c85de4427f714b4a353019fa"
            },
            "View cart": {
                "name": "View cart",
                "path": "::View cart",
                "id": "30ed069d2a9a41cd54bdc10408269e71",
                "groups": {},
                "checks": {}
            },
            "Checkout": {
                "checks": {},
                "name": "Checkout",
                "path": "::Checkout",
                "id": "18269b63e1041a7cf6efa072538123bd",
                "groups": {}
            }
        },
        "checks": {}
    }
}