{
    "metrics": {
        "http_req_sending": {
            "p(95)": 0.0366176,
            "avg": 0.019795177211911957,
            "min": 0.00334,
            "med": 0.015076,
            "max": 3.174007,
            "p(90)": 0.030999000000000002
        },
        "http_req_duration": {
            "max": 995.517575,
            "p(90)": 12.4014626,
            "p(95)": 26.241379799999955,
            "avg": 13.025621070176923,
            "min": 0.095787,
            "med": 1.028349
        },
        "http_reqs": {
            "count": 11585,
            "rate": 19.02260085269172
        },
        "data_sent": {
            "count": 2081990,
            "rate": 3418.633124669455
        },
        "http_req_connecting": {
            "p(90)": 0,
            "p(95)": 0,
            "avg": 0.0004958184721622788,
            "min": 0,
            "med": 0,
            "max": 0.683322
        },
        "http_req_tls_handshaking": {
            "min": 0,
            "med": 0,
            "max": 0,
            "p(90)": 0,
            "p(95)": 0,
            "avg": 0
        },
        "http_req_duration{expected_response:true}": {
            "med": 7.759581,
            "max": 995.517575,
            "p(90)": 42.691083800000534,
            "p(95)": 109.39348720000001,
            "avg": 29.201202035246663,
            "min": 2.642616
        },
        "http_req_receiving": {
            "p(90)": 0.31559440000000005,
            "p(95)": 0.42236399999999985,
            "avg": 0.5929604436771723,
            "min": 0.004964,
            "med": 0.077368,
            "max": 106.637537
        },
        "iterations": {
            "count": 1655,
            "rate": 2.7175144075273887
        },
        "vus": {
            "min": 5,
            "max": 25,
            "value": 5
        },
        "data_received": {
            "rate": 82827.6421418715,
            "count": 50443062
        },
        "group_duration": {
            "avg": 1299.4043918277087,
            "min": 1000.17342,
            "med": 1008.507629,
            "max": 2009.347205,
            "p(90)": 2001.3624888,
            "p(95)": 2001.6117708
        },
        "http_req_blocked": {
            "avg": 0.007745561933534768,
            "min": 0.001042,
            "med": 0.005602,
            "max": 2.671501,
            "p(90)": 0.010912,
            "p(95)": 0.0122578
        },
        "http_req_waiting": {
            "med": 0.928593,
            "max": 995.274535,
            "p(90)": 11.756623200000005,
            "p(95)": 20.852432799999995,
            "avg": 12.412865449287873,
            "min": 0.077202
        },
        "vus_max": {
            "value": 25,
            "min": 25,
            "max": 25
        },
        "iteration_duration": {
            "avg": 9096.185650265246,
            "min": 9015.27407,
            "med": 9034.318109,
            "max": 10110.30649,
            "p(90)": 9230.8525482,
            "p(95)": 9409.1202828
        },
        "http_req_failed": {
            "passes": 6620,
            "fails": 4965,
            "value": 0.5714285714285714
        }
    },
    "root_group": {
        "name": "",
        "path": "",
        "id": "d41d8cd98f00b204e9800998ecf8427e",
        "groups": {
            "Visit homepage": {
                "groups": {},
                "checks": {},
                "name": "Visit homepage",
                "path": "::Visit homepage",
                "id": "fad1e6c0c5ed4fe1e395235b0e3dcc0b"
            },
            "Change currency": {
                "path": "::Change currency",
                "id": "aa52a91e451191a2b7105d86cfb01fc0",
                "groups": {},
                "checks": {},
                "name": "Change currency"
            },
            "Browse products": {
                "groups": {},
                "checks": {},
                "name": "Browse products",
                "path": "::Browse products",
                "id": "f45e069332b4857f63de9b1ca3f697fe"
            },
            "View a product": {
                "name": "View a product",
                "path": "::View a product",
                "id": "992a6671c627f7108d2895530fe677f7",
                "groups": {},
                "checks": {}
            },
            "Add to cart": {
                "name": "Add to cart",
                "path": "::Add to cart",
                "id": "0f1d4b13c85de4427f714b4a353019fa",
                "groups": {},
                "checks": {}
            },
            "View cart": {
                "groups": {},
                "checks": {},
                "name": "View cart",
                "path": "::View cart",
                "id": "30ed069d2a9a41cd54bdc10408269e71"
            },
            "Checkout": {
                "checks": {},
                "name": "Checkout",
                "path": "::Checkout",
                "id": "18269b63e1041a7cf6efa072538123bd",
                "groups": {}
            }
        },
        "checks": {}
    }
}