{
    "metrics": {
        "vus_max": {
            "value": 200,
            "min": 200,
            "max": 200
        },
        "data_sent": {
            "count": 8841192,
            "rate": 12165.065448206846
        },
        "http_req_receiving": {
            "p(95)": 2.2871756499999893,
            "avg": 2.3265844499924637,
            "min": 0.003373,
            "med": 0.1077855,
            "max": 310.215009,
            "p(90)": 1.0153175000000005
        },
        "vus": {
            "min": 0,
            "max": 200,
            "value": 1
        },
        "http_req_tls_handshaking": {
            "med": 0,
            "max": 0,
            "p(90)": 0,
            "p(95)": 0,
            "avg": 0,
            "min": 0
        },
        "group_duration": {
            "min": 1000.204728,
            "med": 1070.1052725,
            "max": 2998.773205,
            "p(90)": 2002.0225105,
            "p(95)": 2005.8968679500001,
            "avg": 1369.0201900522138
        },
        "http_req_blocked": {
            "avg": 0.007107021930155333,
            "min": 0.00101,
            "med": 0.00491,
            "max": 1.202054,
            "p(90)": 0.009750900000000002,
            "p(95)": 0.010982899999999995
        },
        "http_req_sending": {
            "min": 0.002838,
            "med": 0.013426500000000001,
            "max": 2.716352,
            "p(90)": 0.028928,
            "p(95)": 0.03388545,
            "avg": 0.01736861790994108
        },
        "iteration_duration": {
            "p(95)": 10701.18249725,
            "avg": 9583.434569539486,
            "min": 9026.054216,
            "med": 9377.171634499999,
            "max": 12592.378261,
            "p(90)": 10490.6927595
        },
        "iterations": {
            "count": 7576,
            "rate": 10.42422060686105
        },
        "http_req_duration{expected_response:true}": {
            "avg": 174.94839203827914,
            "min": 6.07073,
            "med": 18.051098500000002,
            "max": 1998.635529,
            "p(90)": 588.6442073,
            "p(95)": 797.0083854999999
        },
        "http_reqs": {
            "rate": 72.96954424802735,
            "count": 53032
        },
        "http_req_failed": {
            "passes": 30304,
            "fails": 22728,
            "value": 0.5714285714285714
        },
        "http_req_duration": {
            "med": 6.9768205000000005,
            "max": 1998.635529,
            "p(90)": 293.56163779999997,
            "p(95)": 501.5158363999999,
            "avg": 82.71377963563549,
            "min": 0.128458
        },
        "http_req_waiting": {
            "p(95)": 497.52514469999994,
            "avg": 80.3698265677325,
            "min": 0.11192,
            "med": 6.7901665,
            "max": 1997.828842,
            "p(90)": 290.71021950000005
        },
        "http_req_connecting": {
            "avg": 0.0010053264444109217,
            "min": 0,
            "med": 0,
            "max": 0.466564,
            "p(90)": 0,
            "p(95)": 0
        },
        "data_received": {
            "count": 230998560,
            "rate": 317843.1823267197
        }
    },
    "root_group": {
        "name": "",
        "path": "",
        "id": "d41d8cd98f00b204e9800998ecf8427e",
        "groups": {
            "Visit homepage": {
                "name": "Visit homepage",
                "path": "::Visit homepage",
                "id": "fad1e6c0c5ed4fe1e395235b0e3dcc0b",
                "groups": {},
                "checks": {}
            },
            "Change currency": {
                "name": "Change currency",
                "path": "::Change currency",
                "id": "aa52a91e451191a2b7105d86cfb01fc0",
                "groups": {},
                "checks": {}
            },
            "Browse products": {
                "path": "::Browse products",
                "id": "f45e069332b4857f63de9b1ca3f697fe",
                "groups": {},
                "checks": {},
                "name": "Browse products"
            },
            "View a product": {
                "path": "::View a product",
                "id": "992a6671c627f7108d2895530fe677f7",
                "groups": {},
                "checks": {},
                "name": "View a product"
            },
            "Add to cart": {
                "name": "Add to cart",
                "path": "::Add to cart",
                "id": "0f1d4b13c85de4427f714b4a353019fa",
                "groups": {},
                "checks": {}
            },
            "View cart": {
                "path": "::View cart",
                "id": "30ed069d2a9a41cd54bdc10408269e71",
                "groups": {},
                "checks": {},
                "name": "View cart"
            },
            "Checkout": {
                "groups": {},
                "checks": {},
                "name": "Checkout",
                "path": "::Checkout",
                "id": "18269b63e1041a7cf6efa072538123bd"
            }
        },
        "checks": {}
    }
}