{
    "metrics": {
        "data_sent": {
            "count": 4151400,
            "rate": 6830.68464444845
        },
        "vus": {
            "value": 18,
            "min": 18,
            "max": 50
        },
        "http_req_duration": {
            "avg": 24.04257719536791,
            "min": 0.111342,
            "med": 1.142134,
            "max": 1893.15539,
            "p(90)": 36.52978800000006,
            "p(95)": 81.62118674999995
        },
        "http_req_connecting": {
            "avg": 0.0031174151515151517,
            "min": 0,
            "med": 0,
            "max": 2.774286,
            "p(90)": 0,
            "p(95)": 0
        },
        "http_req_receiving": {
            "avg": 0.3437011734632025,
            "min": 0.004318,
            "med": 0.042167,
            "max": 98.962152,
            "p(90)": 0.2508128,
            "p(95)": 0.3594905499999996
        },
        "http_req_failed": {
            "passes": 13200,
            "fails": 9900,
            "value": 0.5714285714285714
        },
        "http_reqs": {
            "count": 23100,
            "rate": 38.00857910265433
        },
        "data_received": {
            "count": 100579896,
            "rate": 165493.46031397168
        },
        "http_req_duration{expected_response:true}": {
            "p(90)": 89.4257711,
            "p(95)": 179.9124239,
            "avg": 55.02229853989903,
            "min": 4.123878,
            "med": 12.1996095,
            "max": 1893.15539
        },
        "http_req_sending": {
            "avg": 0.017652118658008538,
            "min": 0.00299,
            "med": 0.011649,
            "max": 2.200191,
            "p(90)": 0.026577200000000026,
            "p(95)": 0.033281999999999985
        },
        "iteration_duration": {
            "p(90)": 9366.8416736,
            "p(95)": 9949.4966912,
            "avg": 9172.919069116952,
            "min": 9029.837869,
            "med": 9073.981905,
            "max": 10970.919567
        },
        "http_req_tls_handshaking": {
            "avg": 0,
            "min": 0,
            "med": 0,
            "max": 0,
            "p(90)": 0,
            "p(95)": 0
        },
        "vus_max": {
            "value": 50,
            "min": 50,
            "max": 50
        },
        "http_req_waiting": {
            "avg": 23.681223903246828,
            "min": 0.098324,
            "med": 1.0622155,
            "max": 1891.968778,
            "p(90)": 35.214613900000025,
            "p(95)": 79.11235494999983
        },
        "iterations": {
            "rate": 5.429797014664905,
            "count": 3300
        },
        "group_duration": {
            "max": 2894.265254,
            "p(90)": 2001.3641446,
            "p(95)": 2001.652793,
            "avg": 1310.3785973723775,
            "min": 1000.155924,
            "med": 1012.7682400000001
        },
        "http_req_blocked": {
            "p(95)": 0.011415,
            "avg": 0.008810633679653693,
            "min": 0.00099,
            "med": 0.0044385,
            "max": 3.522459,
            "p(90)": 0.009321
        }
    },
    "root_group": {
        "name": "",
        "path": "",
        "id": "d41d8cd98f00b204e9800998ecf8427e",
        "groups": {
            "Visit homepage": {
                "path": "::Visit homepage",
                "id": "fad1e6c0c5ed4fe1e395235b0e3dcc0b",
                "groups": {},
                "checks": {},
                "name": "Visit homepage"
            },
            "Change currency": {
                "name": "Change currency",
                "path": "::Change currency",
                "id": "aa52a91e451191a2b7105d86cfb01fc0",
                "groups": {},
                "checks": {}
            },
            "Browse products": {
                "name": "Browse products",
                "path": "::Browse products",
                "id": "f45e069332b4857f63de9b1ca3f697fe",
                "groups": {},
                "checks": {}
            },
            "View a product": {
                "name": "View a product",
                "path": "::View a product",
                "id": "992a6671c627f7108d2895530fe677f7",
                "groups": {},
                "checks": {}
            },
            "Add to cart": {
                "id": "0f1d4b13c85de4427f714b4a353019fa",
                "groups": {},
                "checks": {},
                "name": "Add to cart",
                "path": "::Add to cart"
            },
            "View cart": {
                "name": "View cart",
                "path": "::View cart",
                "id": "30ed069d2a9a41cd54bdc10408269e71",
                "groups": {},
                "checks": {}
            },
            "Checkout": {
                "name": "Checkout",
                "path": "::Checkout",
                "id": "18269b63e1041a7cf6efa072538123bd",
                "groups": {},
                "checks": {}
            }
        },
        "checks": {}
    }
}