{
    "metrics": {
        "data_received": {
            "count": 98932796,
            "rate": 162645.8867920007
        },
        "data_sent": {
            "count": 4083468,
            "rate": 6713.2366707472565
        },
        "http_reqs": {
            "count": 22722,
            "rate": 37.355053016876624
        },
        "http_req_connecting": {
            "min": 0,
            "med": 0,
            "max": 1.335613,
            "p(90)": 0,
            "p(95)": 0,
            "avg": 0.0002997010826511751
        },
        "http_req_sending": {
            "min": 0.002992,
            "med": 0.0141555,
            "max": 1.089659,
            "p(90)": 0.029758800000000002,
            "p(95)": 0.03539095,
            "avg": 0.017955228985124475
        },
        "http_req_receiving": {
            "max": 198.504828,
            "p(90)": 0.34773170000000003,
            "p(95)": 0.6400257500000008,
            "avg": 1.2506334867529263,
            "min": 0.003483,
            "med": 0.0716315
        },
        "http_req_failed": {
            "passes": 12984,
            "fails": 9738,
            "value": 0.5714285714285714
        },
        "http_req_waiting": {
            "p(95)": 188.16274275000012,
            "avg": 48.34389054766341,
            "min": 0.065635,
            "med": 1.0346514999999998,
            "max": 5088.330487,
            "p(90)": 85.58840430000015
        },
        "vus_max": {
            "value": 50,
            "min": 50,
            "max": 50
        },
        "http_req_blocked": {
            "avg": 0.006591798829328441,
            "min": 0.001022,
            "med": 0.005107,
            "max": 1.363783,
            "p(90)": 0.010401,
            "p(95)": 0.011781950000000001
        },
        "http_req_tls_handshaking": {
            "max": 0,
            "p(90)": 0,
            "p(95)": 0,
            "avg": 0,
            "min": 0,
            "med": 0
        },
        "vus": {
            "value": 14,
            "min": 14,
            "max": 50
        },
        "group_duration": {
            "p(95)": 2001.6966842,
            "avg": 1335.9574632383901,
            "min": 1000.13638,
            "med": 1016.886972,
            "max": 6103.290056,
            "p(90)": 2001.3705644
        },
        "iteration_duration": {
            "p(90)": 9909.438652,
            "p(95)": 10159.9167105,
            "avg": 9352.017427917748,
            "min": 9023.683542,
            "med": 9120.6587,
            "max": 14308.874478
        },
        "iterations": {
            "count": 3246,
            "rate": 5.336436145268089
        },
        "http_req_duration": {
            "avg": 49.612479263401184,
            "min": 0.078582,
            "med": 1.127788,
            "max": 5103.208065,
            "p(90)": 89.91718520000005,
            "p(95)": 190.73229955000008
        },
        "http_req_duration{expected_response:true}": {
            "p(90)": 216.7867117000033,
            "p(95)": 597.59091235,
            "avg": 113.15907031423306,
            "min": 2.860676,
            "med": 14.7551755,
            "max": 5103.208065
        }
    },
    "root_group": {
        "id": "d41d8cd98f00b204e9800998ecf8427e",
        "groups": {
            "Visit homepage": {
                "checks": {},
                "name": "Visit homepage",
                "path": "::Visit homepage",
                "id": "fad1e6c0c5ed4fe1e395235b0e3dcc0b",
                "groups": {}
            },
            "Change currency": {
                "checks": {},
                "name": "Change currency",
                "path": "::Change currency",
                "id": "aa52a91e451191a2b7105d86cfb01fc0",
                "groups": {}
            },
            "Browse products": {
                "path": "::Browse products",
                "id": "f45e069332b4857f63de9b1ca3f697fe",
                "groups": {},
                "checks": {},
                "name": "Browse products"
            },
            "View a product": {
                "checks": {},
                "name": "View a product",
                "path": "::View a product",
                "id": "992a6671c627f7108d2895530fe677f7",
                "groups": {}
            },
            "Add to cart": {
                "name": "Add to cart",
                "path": "::Add to cart",
                "id": "0f1d4b13c85de4427f714b4a353019fa",
                "groups": {},
                "checks": {}
            },
            "View cart": {
                "groups": {},
                "checks": {},
                "name": "View cart",
                "path": "::View cart",
                "id": "30ed069d2a9a41cd54bdc10408269e71"
            },
            "Checkout": {
                "name": "Checkout",
                "path": "::Checkout",
                "id": "18269b63e1041a7cf6efa072538123bd",
                "groups": {},
                "checks": {}
            }
        },
        "checks": {},
        "name": "",
        "path": ""
    }
}