{
    "metrics": {
        "http_req_waiting": {
            "avg": 48.76733213971253,
            "min": 0.06388,
            "med": 1.9291755,
            "max": 1488.265691,
            "p(90)": 115.752044,
            "p(95)": 292.30493475
        },
        "data_received": {
            "count": 236763870,
            "rate": 325604.2550780549
        },
        "http_reqs": {
            "count": 54376,
            "rate": 74.7793866273782
        },
        "http_req_duration{expected_response:true}": {
            "avg": 109.08155382453718,
            "min": 2.879493,
            "med": 11.908012,
            "max": 1488.544321,
            "p(90)": 306.05671540000003,
            "p(95)": 509.97664949999813
        },
        "iterations": {
            "count": 7768,
            "rate": 10.682769518196887
        },
        "http_req_connecting": {
            "min": 0,
            "med": 0,
            "max": 0.585647,
            "p(90)": 0,
            "p(95)": 0,
            "avg": 0.0006938087943210241
        },
        "http_req_receiving": {
            "p(90)": 0.3451385,
            "p(95)": 0.638704,
            "avg": 1.958350187178176,
            "min": 0.004296,
            "med": 0.058179,
            "max": 297.21905
        },
        "http_req_duration": {
            "min": 0.076211,
            "med": 2.0579910000000003,
            "max": 1488.544321,
            "p(90)": 125.472546,
            "p(95)": 296.5847025,
            "avg": 50.74160076861181
        },
        "http_req_tls_handshaking": {
            "min": 0,
            "med": 0,
            "max": 0,
            "p(90)": 0,
            "p(95)": 0,
            "avg": 0
        },
        "http_req_sending": {
            "max": 3.325787,
            "p(90)": 0.026811,
            "p(95)": 0.033688,
            "avg": 0.015918441720611978,
            "min": 0.003136,
            "med": 0.011672499999999999
        },
        "group_duration": {
            "max": 2489.634324,
            "p(90)": 2001.2792875,
            "p(95)": 2001.84842025,
            "avg": 1337.0486098232332,
            "min": 1000.14178,
            "med": 1021.12068
        },
        "http_req_blocked": {
            "p(95)": 0.01132275,
            "avg": 0.006401339377666622,
            "min": 0.001036,
            "med": 0.004322,
            "max": 0.80328,
            "p(90)": 0.009312500000000001
        },
        "iteration_duration": {
            "avg": 9359.614217723609,
            "min": 9014.773538,
            "med": 9210.519034500001,
            "max": 11290.287719,
            "p(90)": 9907.1164272,
            "p(95)": 10137.8367153
        },
        "vus": {
            "max": 200,
            "value": 2,
            "min": 0
        },
        "vus_max": {
            "max": 200,
            "value": 200,
            "min": 200
        },
        "http_req_failed": {
            "passes": 31072,
            "fails": 23304,
            "value": 0.5714285714285714
        },
        "data_sent": {
            "rate": 13438.924053891684,
            "count": 9772144
        }
    },
    "root_group": {
        "path": "",
        "id": "d41d8cd98f00b204e9800998ecf8427e",
        "groups": {
            "Visit homepage": {
                "name": "Visit homepage",
                "path": "::Visit homepage",
                "id": "fad1e6c0c5ed4fe1e395235b0e3dcc0b",
                "groups": {},
                "checks": {}
            },
            "Change currency": {
                "name": "Change currency",
                "path": "::Change currency",
                "id": "aa52a91e451191a2b7105d86cfb01fc0",
                "groups": {},
                "checks": {}
            },
            "Browse products": {
                "name": "Browse products",
                "path": "::Browse products",
                "id": "f45e069332b4857f63de9b1ca3f697fe",
                "groups": {},
                "checks": {}
            },
            "View a product": {
                "name": "View a product",
                "path": "::View a product",
                "id": "992a6671c627f7108d2895530fe677f7",
                "groups": {},
                "checks": {}
            },
            "Add to cart": {
                "groups": {},
                "checks": {},
                "name": "Add to cart",
                "path": "::Add to cart",
                "id": "0f1d4b13c85de4427f714b4a353019fa"
            },
            "View cart": {
                "name": "View cart",
                "path": "::View cart",
                "id": "30ed069d2a9a41cd54bdc10408269e71",
                "groups": {},
                "checks": {}
            },
            "Checkout": {
                "groups": {},
                "checks": {},
                "name": "Checkout",
                "path": "::Checkout",
                "id": "18269b63e1041a7cf6efa072538123bd"
            }
        },
        "checks": {},
        "name": ""
    }
}