{
    "metrics": {
        "iteration_duration": {
            "min": 9016.48846,
            "med": 9106.275098999999,
            "max": 10995.566247,
            "p(90)": 9696.1183505,
            "p(95)": 9950.90597925,
            "avg": 9240.711025575934
        },
        "http_reqs": {
            "count": 22862,
            "rate": 37.53953695266911
        },
        "http_req_waiting": {
            "avg": 32.61989949877515,
            "min": 0.071218,
            "med": 0.957759,
            "max": 1442.050003,
            "p(90)": 78.2801019,
            "p(95)": 178.58356835000032
        },
        "data_sent": {
            "count": 4108628,
            "rate": 6746.391069493962
        },
        "vus_max": {
            "max": 50,
            "value": 50,
            "min": 50
        },
        "http_req_duration": {
            "avg": 33.67627461849365,
            "min": 0.085586,
            "med": 1.062453,
            "max": 1551.528654,
            "p(90)": 81.42549520000009,
            "p(95)": 184.01637295
        },
        "http_req_connecting": {
            "avg": 0.00042451272854518413,
            "min": 0,
            "med": 0,
            "max": 0.747409,
            "p(90)": 0,
            "p(95)": 0
        },
        "http_req_tls_handshaking": {
            "med": 0,
            "max": 0,
            "p(90)": 0,
            "p(95)": 0,
            "avg": 0,
            "min": 0
        },
        "http_req_blocked": {
            "p(95)": 0.0187019,
            "avg": 0.00791717137608251,
            "min": 0.001039,
            "med": 0.005301,
            "max": 1.404124,
            "p(90)": 0.012027
        },
        "iterations": {
            "count": 3266,
            "rate": 5.362790993238444
        },
        "vus": {
            "value": 2,
            "min": 2,
            "max": 50
        },
        "http_req_sending": {
            "avg": 0.019668360642113594,
            "min": 0.002941,
            "med": 0.013843000000000001,
            "max": 2.436218,
            "p(90)": 0.03371640000000001,
            "p(95)": 0.05069380000000002
        },
        "data_received": {
            "count": 99545307,
            "rate": 163453.97299410772
        },
        "http_req_duration{expected_response:true}": {
            "med": 10.2307335,
            "max": 1551.528654,
            "p(90)": 195.8377898000002,
            "p(95)": 388.35204984999996,
            "avg": 75.04364638783441,
            "min": 2.771776
        },
        "http_req_failed": {
            "passes": 13064,
            "fails": 9798,
            "value": 0.5714285714285714
        },
        "http_req_receiving": {
            "avg": 1.036706759076191,
            "min": 0.004357,
            "med": 0.0653425,
            "max": 471.746541,
            "p(90)": 0.3472753000000002,
            "p(95)": 0.5362825
        },
        "group_duration": {
            "avg": 1320.0462676056477,
            "min": 1000.142181,
            "med": 1011.079377,
            "max": 3174.203153,
            "p(90)": 2001.3657723000001,
            "p(95)": 2001.71878135
        }
    },
    "root_group": {
        "name": "",
        "path": "",
        "id": "d41d8cd98f00b204e9800998ecf8427e",
        "groups": {
            "Visit homepage": {
                "name": "Visit homepage",
                "path": "::Visit homepage",
                "id": "fad1e6c0c5ed4fe1e395235b0e3dcc0b",
                "groups": {},
                "checks": {}
            },
            "Change currency": {
                "id": "aa52a91e451191a2b7105d86cfb01fc0",
                "groups": {},
                "checks": {},
                "name": "Change currency",
                "path": "::Change currency"
            },
            "Browse products": {
                "checks": {},
                "name": "Browse products",
                "path": "::Browse products",
                "id": "f45e069332b4857f63de9b1ca3f697fe",
                "groups": {}
            },
            "View a product": {
                "groups": {},
                "checks": {},
                "name": "View a product",
                "path": "::View a product",
                "id": "992a6671c627f7108d2895530fe677f7"
            },
            "Add to cart": {
                "groups": {},
                "checks": {},
                "name": "Add to cart",
                "path": "::Add to cart",
                "id": "0f1d4b13c85de4427f714b4a353019fa"
            },
            "View cart": {
                "name": "View cart",
                "path": "::View cart",
                "id": "30ed069d2a9a41cd54bdc10408269e71",
                "groups": {},
                "checks": {}
            },
            "Checkout": {
                "name": "Checkout",
                "path": "::Checkout",
                "id": "18269b63e1041a7cf6efa072538123bd",
                "groups": {},
                "checks": {}
            }
        },
        "checks": {}
    }
}