{
    "metrics": {
        "data_sent": {
            "count": 2048024,
            "rate": 3366.3826956022376
        },
        "http_req_failed": {
            "passes": 6512,
            "fails": 4884,
            "value": 0.5714285714285714
        },
        "http_req_duration": {
            "p(95)": 108.8735245,
            "avg": 33.81969717760604,
            "min": 0.121861,
            "med": 1.2015685,
            "max": 5384.637308,
            "p(90)": 39.012378999999996
        },
        "http_req_blocked": {
            "avg": 0.005667558441558449,
            "min": 0.000946,
            "med": 0.0043645,
            "max": 0.529743,
            "p(90)": 0.009138,
            "p(95)": 0.0105255
        },
        "data_received": {
            "count": 49613684,
            "rate": 81551.11819132861
        },
        "http_reqs": {
            "count": 11396,
            "rate": 18.731859196514836
        },
        "iterations": {
            "count": 1628,
            "rate": 2.675979885216405
        },
        "http_req_connecting": {
            "p(95)": 0,
            "avg": 0.0003593918041418041,
            "min": 0,
            "med": 0,
            "max": 0.480621,
            "p(90)": 0
        },
        "http_req_receiving": {
            "avg": 0.5658331139873657,
            "min": 0.004128,
            "med": 0.0484285,
            "max": 101.8305,
            "p(90)": 0.2648695,
            "p(95)": 0.4009345
        },
        "http_req_sending": {
            "p(95)": 0.031216999999999998,
            "avg": 0.015842249210249217,
            "min": 0.002849,
            "med": 0.0116485,
            "max": 1.295397,
            "p(90)": 0.026626
        },
        "http_req_waiting": {
            "avg": 33.23802181440839,
            "min": 0.107727,
            "med": 1.1113935000000001,
            "max": 5384.017335,
            "p(90)": 37.2778705,
            "p(95)": 107.16438375
        },
        "group_duration": {
            "min": 1000.191738,
            "med": 1012.7430805,
            "max": 6385.077673,
            "p(90)": 2001.365059,
            "p(95)": 2001.61722525,
            "avg": 1320.14172252378
        },
        "http_req_tls_handshaking": {
            "avg": 0,
            "min": 0,
            "med": 0,
            "max": 0,
            "p(90)": 0,
            "p(95)": 0
        },
        "http_req_duration{expected_response:true}": {
            "min": 4.207834,
            "med": 12.019133,
            "max": 5384.637308,
            "p(90)": 131.05399879999993,
            "p(95)": 278.9979242499995,
            "avg": 77.85129661670737
        },
        "vus_max": {
            "value": 25,
            "min": 25,
            "max": 25
        },
        "iteration_duration": {
            "p(95)": 9817.5281361,
            "avg": 9241.247374440416,
            "min": 9030.227976,
            "med": 9081.674413,
            "max": 14413.389524,
            "p(90)": 9549.5800984
        },
        "vus": {
            "max": 25,
            "value": 3,
            "min": 3
        }
    },
    "root_group": {
        "id": "d41d8cd98f00b204e9800998ecf8427e",
        "groups": {
            "Visit homepage": {
                "id": "fad1e6c0c5ed4fe1e395235b0e3dcc0b",
                "groups": {},
                "checks": {},
                "name": "Visit homepage",
                "path": "::Visit homepage"
            },
            "Change currency": {
                "name": "Change currency",
                "path": "::Change currency",
                "id": "aa52a91e451191a2b7105d86cfb01fc0",
                "groups": {},
                "checks": {}
            },
            "Browse products": {
                "name": "Browse products",
                "path": "::Browse products",
                "id": "f45e069332b4857f63de9b1ca3f697fe",
                "groups": {},
                "checks": {}
            },
            "View a product": {
                "name": "View a product",
                "path": "::View a product",
                "id": "992a6671c627f7108d2895530fe677f7",
                "groups": {},
                "checks": {}
            },
            "Add to cart": {
                "groups": {},
                "checks": {},
                "name": "Add to cart",
                "path": "::Add to cart",
                "id": "0f1d4b13c85de4427f714b4a353019fa"
            },
            "View cart": {
                "name": "View cart",
                "path": "::View cart",
                "id": "30ed069d2a9a41cd54bdc10408269e71",
                "groups": {},
                "checks": {}
            },
            "Checkout": {
                "checks": {},
                "name": "Checkout",
                "path": "::Checkout",
                "id": "18269b63e1041a7cf6efa072538123bd",
                "groups": {}
            }
        },
        "checks": {},
        "name": "",
        "path": ""
    }
}